组号,成员,成员(姓名),总得分,单向喜欢数,互相喜欢数,单向喜欢详情,互相喜欢详情,单向喜欢详情(姓名),互相喜欢详情(姓名)
1,"F4, M3","F4(wanlin zheng), M3(胡永昕)",4.0,0,1,无,F4↔M3,无,F4(wanlin zheng)↔M3(胡永昕)
2,"F2, M1","F2(ariel xiao), M1(Chengzhi Peng)",2.0,1,0,M1→F2,无,M1(Chengzhi Peng)→F2(ariel xiao),无
3,"F1, M4","F1(连璐), M4(刘泽翔)",2.0,1,0,F1→M4,无,F1(连璐)→M4(刘泽翔),无
4,"F3, M6","F3(蒲悠儿), M6(Yong Yang)",2.0,1,0,M6→F3,无,M6(Yong Yang)→F3(蒲悠儿),无
5,"F6, M8","F6(You Lai), M8(JIN XIE)",2.0,1,0,F6→M8,无,F6(You Lai)→M8(JIN XIE),无
6,"F7, M10","F7(April Cheng), M10(沈育嘉)",2.0,1,0,M10→F7,无,M10(沈育嘉)→F7(April Cheng),无
7,"F5, M2","F5(Yue Lin), M2(汪喆昊)",0.0,0,0,无,无,无,无
8,"F8, M5","F8(Ellen Wan), M5(Steven Lin)",0.0,0,0,无,无,无,无
9,"F9, M7","F9(Ye Wang), M7(张延)",0.0,0,0,无,无,无,无
10,"F10, M9","F10(胥夏), M9(Kevin Shen)",0.0,0,0,无,无,无,无
汇总,总计 10 组,,14.0,5,1,命中率: 38.5%,命中率: 100.0%,,
